Entry Price,Sell Price,Quantity,PnL,Trade Duration (s),Trade Date Time,Sell Reason,Percent of Trade,Highest Price Reached,Earnings with Highest Price (%),Lowest Price Reached,Lowest Price under Buy Price (%),Long / Short,Earnings Total,Earnings per Trade,Percent per Trade,Profit per year,Profit with ...,50
167.92,168.12,0.119,0.00652485568,17.94,2025-11-03T19:16:15.581Z,profit target reached,0.01095653766,168.135,0.0416,,,,-0.7684113634,-0.002715234499,-0.004315630598,0.3847375631,19.23687815,year 1
166.28,166.53,0.179,0.01901446832,7.45,2025-11-03T20:30:23.195Z,profit target reached,0.03161725792,166.485,0.0369,,,,,,,0.1480229924,7.401149622,year 2
164.4,164.75,0.179,0.0371974888,23.85,2025-11-03T21:00:43.959Z,profit target reached,0.06115267159,164.735,0.1173,,,,,,,0.05695000539,2.84750027,year 3
165.02,165.37,0.179,0.03710160208,39.65,2025-11-03T21:23:05.776Z,profit target reached,0.06122506375,165.345,0.1105,,,,,,,0.02191080629,1.095540315,year 4
165.42,165.67,0.179,0.01914747248,585.34,2025-11-03T22:46:27.691Z,profit target reached,0.03167374898,165.665,0.0617,,,,,,,0.008429910217,0.4214955109,year 5
165.47,165.71,0.179,0.01735051296,49.49,2025-11-03T23:22:14.819Z,profit target reached,0.02870989379,165.68,0.0405,,,,,,,0.003243303114,0.1621651557,
164.93,165.13,0.179,0.01027712032,29.23,2025-11-04T00:33:50.873Z,profit target reached,0.01695005454,165.195,0.0742,,,,,,,0.001247820536,0.06239102682,
166.81,167.1,0.179,0.02608940752,522.85,2025-11-04T01:20:50.985Z,profit target reached,0.04351974068,167.085,0.0784,,,,,,,0.0004800834323,0.02400417162,
168.01,168.25,0.179,0.01695768672,459.83,2025-11-04T02:20:13.929Z,profit target reached,0.02849060946,168.225,0.0415,,,,,,,,,
166.96,167.2,0.179,0.01712007552,28.41,2025-11-04T03:13:17.734Z,profit target reached,0.02858367809,167.205,0.0603,,,,,,,,,
159.22,159.45,0.179,0.01652788624,23.36,2025-11-04T06:14:36.855Z,profit target reached,0.02631570047,159.465,0.0674,,,,,,,,,
157.01,157.13,0.179,0.00528854784,626.37,2025-11-04T08:11:32.477Z,profit target reached,0.008303548964,157.175,0.0475,,,,,,,,,
157.29,157.42,0.179,0.00704942096,17.81,2025-11-04T08:12:44.789Z,profit target reached,0.01108803423,157.445,0.0409,,,,,,,,,
159.87,160,0.179,0.00678341264,238.46,2025-11-04T09:31:20.659Z,profit target reached,0.01084464179,160.015,0.0331,,,,,,,,,
160.82,161.02,0.17,0.0182476096,86.03,2025-11-04T11:04:38.836Z,profit target reached,0.02934580576,161.005,0.0574,,,,,,,,,
161.93,162.05,0.17,0.0045408768,44.67,2025-11-04T12:03:47.406Z,profit target reached,0.007353041802,162.075,0.0319,,,,,,,,,
161.64,161.78,0.17,0.007968784,7.28,2025-11-04T12:48:32.210Z,profit target reached,0.01288074246,161.785,0.0321,,,,,,,,,
161.46,161.67,0.17,0.019884696,55.16,2025-11-04T13:35:13.575Z,profit target reached,0.03210583016,161.655,0.0631,161.435,-0.0155,long,,,,,,
161.3,161.47,0.17,0.0131013424,44.8,2025-11-04T14:07:42.269Z,profit target reached,0.02113246529,161.445,0.0323,161.215,-0.0527,long,,,,,,
160.52,160.34,0.179,0.0156743856,28.41,2025-11-04T14:20:36.540Z,profit target reached,0.02516052377,160.525,0.0607,160.385,0.0031,short,,,,,,
160.53,160.72,0.179,0.01745381744,8.66,2025-11-04T14:31:20.526Z,profit target reached,0.02801861314,160.735,0.0701,160.525,-0.0031,long,,,,,,
161,161.39,0.17,0.0505253328,9.35,2025-11-04T14:41:21.750Z,profit target reached,0.08134578581,161.175,0.0511,160.995,-0.0031,long,,,,,,
163.01,162.75,0.17,0.0282444256,24.24,2025-11-04T15:10:38.774Z,profit target reached,0.04604123817,163.01,0.0576,162.855,0,short,,,,,,
164.95,165.1,0.17,0.009344424,409.01,2025-11-04T15:26:26.732Z,profit target reached,0.01541362739,165.185,0.0848,164.385,-0.3425,long,,,,,,
163.25,163.14,0.17,0.0027172528,119.37,2025-11-04T15:34:10.504Z,profit target reached,0.004435915196,163.505,0.2139,163.065,0.1562,short,,,,,,
155.08,155.24,0.179,0.01264650752,8.64,2025-11-04T17:21:48.304Z,profit target reached,0.01961220386,155.235,0.0423,155.06,-0.0129,long,,,,,,
155.59,155.47,0.179,0.00544114176,13.16,2025-11-04T18:02:24.200Z,profit target reached,0.008465872464,155.595,0.0608,155.415,0.0032,short,,,,,,
154.72,154.88,0.179,0.01268362496,35.34,2025-11-04T18:42:51.882Z,profit target reached,0.01962410454,154.865,0.0361,154.685,-0.0226,long,,,,,,
150.73,151.12,0.179,0.05425908144,19.52,2025-11-04T20:19:57.558Z,profit target reached,0.08178471345,151.005,0.1248,150.595,-0.0896,long,,,,,,
152.13,151.96,0.179,0.0147491704,24.7,2025-11-04T20:31:52.442Z,profit target reached,0.02243791293,152.135,0.0609,152.005,0.0033,short,,,,,,
153.18,154.37,0.179,0.1971858558,142.74,2025-11-04T20:42:32.030Z,profit target reached,0.302049294,154.605,0.9884,153.18,0,long,,,,,,
152.34,152.56,0.179,0.02366746592,45.94,2025-11-04T20:57:19.748Z,profit target reached,0.03605501758,152.535,0.0704,152.135,-0.1346,long,,,,,,
152.73,152.72,0.179,-0.01395681616,233.22,2025-11-04T21:06:06.484Z,profit target reached,-0.02131624532,153.995,0.8864,152.565,0.8283,short,,,,,,
151.54,151.69,0.17,0.0106575312,39.43,2025-11-04T21:19:14.105Z,profit target reached,0.01615042278,151.685,0.0381,151.445,-0.0627,long,,,,,,
148.16,147.91,0.179,-0.06001944464,24.76,2025-11-04T21:37:06.354Z,profit target reached,-0.08892480918,148.395,0.101,148.125,-0.0236,long,,,,,,
148.04,147.89,0.179,0.01159035024,23.9,2025-11-04T21:41:55.584Z,profit target reached,0.0171583545,148.225,0.1827,147.865,0.125,short,,,,,,
148.04,148.35,0.179,0.04021849328,8.4,2025-11-04T21:45:19.399Z,profit target reached,0.05953945745,148.335,0.1416,148.035,-0.0034,long,,,,,,
155.07,155.23,0.17,0.0120116288,86.68,2025-11-04T23:44:23.185Z,profit target reached,0.01862643278,155.235,0.0488,154.905,-0.1064,long,,,,,,
154.59,154.39,0.17,0.0188674432,625.07,2025-11-05T00:15:03.240Z,profit target reached,0.02916718044,154.995,0.3198,154.385,0.262,short,,,,,,
155.06,155.14,0.17,-0.0015854336,34.67,2025-11-05T00:20:05.177Z,profit target reached,-0.00245837334,155.335,0.1197,154.975,-0.0548,long,,,,,,
154.3,154.12,0.17,0.0154953504,33.83,2025-11-05T00:26:23.039Z,profit target reached,0.02390932567,154.395,0.1192,154.115,0.0616,short,,,,,,
152.57,152.34,0.17,0.024165976,91.73,2025-11-05T01:04:23.513Z,profit target reached,0.03687002958,152.735,0.1658,152.305,0.1081,short,,,,,,
149.08,149.26,0.17,0.01599768,44.73,2025-11-05T01:47:48.706Z,profit target reached,0.02384934134,149.26,0.0631,148.985,-0.0637,long,,,,,,
156.16,156.01,0.17,0.0102124848,80.66,2025-11-05T04:23:55.358Z,profit target reached,0.01594781626,156.205,0.0865,156.005,0.0288,short,,,,,,
156.57,156.72,0.17,0.0101649936,28.53,2025-11-05T04:36:50.384Z,profit target reached,0.01591533048,156.725,0.0414,156.565,-0.0032,long,,,,,,
156.91,156.76,0.17,0.0101390448,186.11,2025-11-05T04:57:13.639Z,profit target reached,0.0159091752,157.015,0.1246,156.755,0.0669,short,,,,,,
157.64,157.8,0.17,0.0117599744,50.01,2025-11-05T05:10:56.480Z,profit target reached,0.01853842364,157.815,0.0534,157.395,-0.1554,long,,,,,,
157.47,157.31,0.17,0.0117844544,148.7,2025-11-05T05:25:15.514Z,profit target reached,0.01855698034,157.715,0.2133,157.315,0.1556,short,,,,,,
157.42,157.56,0.17,0.0083820064,54.84,2025-11-05T06:19:20.314Z,profit target reached,0.01319495447,157.585,0.0472,157.41,-0.0064,long,,,,,,
156.76,156.6,0.17,0.0118539776,34.11,2025-11-05T06:23:51.891Z,profit target reached,0.01858229529,156.785,0.0736,156.595,0.0159,short,,,,,,
157.54,157.71,0.17,0.0134695216,17.58,2025-11-05T06:33:34.817Z,profit target reached,0.02121988433,157.715,0.0535,157.515,-0.0159,long,,,,,,
157.03,156.88,0.17,0.0101272944,81.31,2025-11-05T06:40:45.519Z,profit target reached,0.0159028904,157.085,0.0927,156.875,0.035,short,,,,,,
157.69,157.83,0.17,0.008355568,97.14,2025-11-05T06:53:54.358Z,profit target reached,0.01317589518,157.835,0.0343,157.685,-0.0032,long,,,,,,
157.31,157.19,0.17,0.0049991424,38.74,2025-11-05T07:06:19.213Z,profit target reached,0.007864150909,157.345,0.0799,157.185,0.0222,short,,,,,,
154.72,154.86,0.17,0.0086463904,12.63,2025-11-05T08:31:50.836Z,profit target reached,0.01337769523,154.865,0.0361,154.715,-0.0032,long,,,,,,
154.6,154.46,0.17,0.0086649952,55.62,2025-11-05T08:47:05.122Z,profit target reached,0.01339608258,154.755,0.1579,154.455,0.1003,short,,,,,,
155.43,155.69,0.17,0.0289739296,24.21,2025-11-05T08:50:57.133Z,profit target reached,0.04503417878,155.695,0.1128,155.4,-0.0193,long,,,,,,
156.32,156.1,0.17,0.0220985312,223.08,2025-11-05T10:11:07.732Z,profit target reached,0.03454442397,156.77,0.3457,156.105,0.2879,short,,,,,,
155.57,155.74,0.17,0.013662424,28.6,2025-11-05T11:06:39.411Z,profit target reached,0.02125463302,155.745,0.0549,155.565,-0.0032,long,,,,,,
157.67,157.46,0.17,0.0202660944,376,2025-11-05T12:52:47.146Z,profit target reached,0.03195355104,157.935,0.2258,157.505,0.1681,short,,,,,,
158.39,158.48,0.17,-0.000211752,60.05,2025-11-05T13:02:49.972Z,profit target reached,-0.0003353939928,158.515,0.0213,158.315,-0.0474,short,,,,,,
157.75,157.61,0.17,0.0083565472,298.36,2025-11-05T13:15:29.021Z,profit target reached,0.01318245321,157.845,0.1179,157.625,0.0602,long,,,,,,
158.35,158.48,0.17,0.0065911856,576.37,2025-11-05T13:38:42.272Z,profit target reached,0.0104371424,158.475,0.0213,158.045,-0.1926,long,,,,,,
158.87,158.72,0.17,0.0099471216,122.76,2025-11-05T14:10:25.382Z,profit target reached,0.01580299209,158.965,0.1175,158.715,0.0598,short,,,,,,
158.24,158.1,0.17,0.0083085664,34.46,2025-11-05T15:01:16.974Z,profit target reached,0.01314747547,158.245,0.0608,158.075,0.0032,short,,,,,,
158.18,157.9,0.17,0.0321178688,12.67,2025-11-05T15:03:10.868Z,profit target reached,0.05080404487,158.185,0.0608,157.915,0.0032,short,,,,,,
158.94,159.12,0.17,0.0150321888,17.56,2025-11-05T15:39:39.967Z,profit target reached,0.02389216088,159.125,0.0588,158.935,-0.0031,long,,,,,,
159.26,159.1,0.17,0.0116091776,7.56,2025-11-05T16:12:45.633Z,profit target reached,0.01848877625,159.265,0.0608,159.095,0.0031,short,,,,,,
159.61,159.74,0.17,0.0064678064,139.6,2025-11-05T16:34:46.643Z,profit target reached,0.0103232658,159.755,0.0332,159.425,-0.1159,long,,,,,,
161.06,161.23,0.17,-0.0446751568,18.29,2025-11-05T17:01:32.867Z,stop loss triggered,-0.07195380754,161.315,0.2161,161.06,0.1583,short,,,,,,
160.96,161.27,0.16,-0.064441216,118.75,2025-11-05T17:06:43.246Z,stop loss triggered,-0.1037245813,161.255,0.241,160.925,0.1833,short,,,,,,
161.78,161.95,0.16,0.0122864384,107.45,2025-11-05T17:24:43.863Z,profit target reached,0.01987700004,161.965,0.0567,161.705,-0.0464,long,,,,,,
161.6,161.9037,0.16,-0.06349205325,70.89,2025-11-05T18:02:39.313Z,stop loss triggered,-0.102603158,161.885,0.2341,161.6,0.1764,short,,,,,,
162.88,163.15,0.16,-0.0582172416,250.13,2025-11-05T19:04:28.067Z,stop loss triggered,-0.09482424312,163.155,0.2266,162.825,0.1688,short,,,,,,
162.88,162.65,0.16,0.0217942784,44.21,2025-11-05T19:05:50.861Z,profit target reached,0.03549852066,162.885,0.0607,162.625,0.0031,short,,,,,,
162.9,163.05,0.16,0.00898368,44.39,2025-11-05T19:17:00.357Z,profit target reached,0.01463441472,163.055,0.0375,162.855,-0.0276,long,,,,,,
162.47,162.72,0.16,-0.0549789952,186.02,2025-11-05T19:25:44.414Z,stop loss triggered,-0.0893243735,162.715,0.2085,162.435,0.1508,short,,,,,,
162.4,162.27,0.16,0.0058362112,22.91,2025-11-05T19:48:49.427Z,profit target reached,0.009478006989,162.405,0.0607,162.265,0.0031,short,,,,,,
163.01,163.12,0.16,0.002574464,361.95,2025-11-05T20:12:29.068Z,profit target reached,0.004196633766,163.165,0.0375,162.795,-0.1319,long,,,,,,
163.05,162.89,0.16,0.0105769984,23.79,2025-11-05T20:26:05.978Z,profit target reached,0.01724579589,163.055,0.0607,162.885,0.0031,short,,,,,,
161.39,161.62,0.16,0.0219209984,18,2025-11-05T21:35:14.964Z,profit target reached,0.03537829932,161.615,0.0818,161.385,-0.0031,long,,,,,,
161.5,161.65,0.16,0.009112704,54.68,2025-11-05T21:45:15.699Z,profit target reached,0.01471701696,161.66,0.0414,161.475,-0.0155,long,,,,,,
161.74,161.93,0.16,0.015489664,54.61,2025-11-05T21:47:23.449Z,profit target reached,0.02505298255,161.905,0.0444,161.735,-0.0031,long,,,,,,
161.39,161.26,0.16,0.0059292928,75.58,2025-11-05T22:06:34.813Z,profit target reached,0.00956928565,161.395,0.0607,161.255,0.0031,short,,,,,,
162.01,162.13,0.16,0.0042663936,17.89,2025-11-05T22:32:38.048Z,profit target reached,0.006911984271,162.165,0.0381,162.005,-0.0031,long,,,,,,
162.22,162.08,0.16,0.0074530304,129.51,2025-11-05T23:05:39.422Z,profit target reached,0.01209030591,162.275,0.0916,162.055,0.0339,short,,,,,,
162.71,162.87,0.16,0.01060096,60.34,2025-11-05T23:22:52.603Z,profit target reached,0.01724882202,162.845,0.0254,162.705,-0.0031,long,,,,,,
162.35,162.21,0.16,0.0074410496,92.75,2025-11-06T00:00:16.084Z,profit target reached,0.01208054403,162.355,0.0607,162.205,0.0031,short,,,,,,
161.54,161.73,0.16,0.015508096,150.22,2025-11-06T00:12:57.184Z,profit target reached,0.02505177828,161.695,0.0383,161.455,-0.0526,long,,,,,,
161.04,161.27,0.16,-0.0516467456,102.02,2025-11-06T00:26:10.611Z,stop loss triggered,-0.08317191911,161.305,0.2223,160.94,0.1646,short,,,,,,
161.09,161.24,0.16,0.0091504896,128.3,2025-11-06T00:53:56.484Z,profit target reached,0.0147405237,161.235,0.0324,160.965,-0.0776,long,,,,,,
160.7562,160.63,0.16,0.005379616256,28.54,2025-11-06T01:04:34.485Z,profit target reached,0.008648066668,160.765,0.0631,160.615,0.0055,short,,,,,,
160.76,160.92,0.16,0.010780672,65.46,2025-11-06T01:15:32.236Z,profit target reached,0.01733100831,160.905,0.0326,160.655,-0.0653,long,,,,,,
160.13,159.99,0.16,0.0076456448,70.78,2025-11-06T01:20:32.365Z,profit target reached,0.01224297102,160.23,0.1201,159.985,0.0624,short,,,,,,
160.34,160.58,0.16,0.023617536,207.13,2025-11-06T01:36:25.541Z,profit target reached,0.03786835722,160.585,0.0951,160.145,-0.1216,long,,,,,,
160.5,160.3,0.16,0.017212928,7.43,2025-11-06T02:11:26.864Z,profit target reached,0.02762674944,160.505,0.0608,160.295,0.0031,short,,,,,,
160.83,161.04,0.16,0.0187730688,33.42,2025-11-06T02:17:18.267Z,profit target reached,0.03019272655,160.985,0.0388,160.795,-0.0218,long,,,,,,
162.3,162.61,0.16,0.0346352896,29,2025-11-06T04:45:41.265Z,profit target reached,0.05621307502,162.545,0.0933,162.245,-0.0339,long,,,,,,
162,161.95,0.16,-0.006928768,350.53,2025-11-06T05:00:34.522Z,profit target reached,-0.01122460416,162.155,0.1534,161.855,0.0957,short,,,,,,
159.5,159.32,0.16,-0.0434953728,118.71,2025-11-06T06:17:33.806Z,stop loss triggered,-0.06937511962,159.565,-0.0168,159.255,-0.1536,long,,,,,,
159.22,159.06,0.16,0.0109299712,33.83,2025-11-06T06:33:22.008Z,profit target reached,0.01740270014,159.365,0.1488,159.075,0.0911,short,,,,,,
159.25,158.93,0.16,-0.0658691072,455.43,2025-11-06T07:15:47.528Z,stop loss triggered,-0.1048965532,159.365,0.0146,159.005,-0.1538,long,,,,,,
158.74,158.47,0.16,0.0285767424,34.44,2025-11-06T07:17:20.894Z,profit target reached,0.04536272089,158.745,0.0608,158.425,0.0031,short,,,,,,
158.88,159.04,0.16,0.0109539328,23.25,2025-11-06T07:23:37.321Z,profit target reached,0.01740360843,159.045,0.0462,158.865,-0.0094,long,,,,,,
158.99,158.87,0.16,0.0045502464,122.67,2025-11-06T07:34:46.067Z,profit target reached,0.007234436751,159.105,0.13,158.845,0.0723,short,,,,,,
159.27,159.41,0.16,0.0077184512,235.39,2025-11-06T09:00:47.154Z,profit target reached,0.01229317723,159.455,0.0585,159.125,-0.091,long,,,,,,
158.73,159.09,0.16,-0.0722368512,176.36,2025-11-06T09:09:33.932Z,stop loss triggered,-0.1146615539,159.125,0.3066,158.73,0.2489,short,,,,,,
159.05,158.9,0.16,0.009345408,39.61,2025-11-06T09:48:09.799Z,profit target reached,0.01486387142,159.055,0.0608,158.925,0.0031,short,,,,,,
158.43,158.54,0.16,0.0029965568,39.16,2025-11-06T10:17:59.342Z,profit target reached,0.004747444938,158.575,0.0339,158.405,-0.0158,long,,,,,,
158.68,159.03,0.16,-0.0706320128,350.86,2025-11-06T10:53:43.237Z,stop loss triggered,-0.1120788779,159.025,0.2752,158.575,0.2174,short,0.002 tp and 0.02 stoploss,,,,,
158.8,158.92,0.16,0.0045622272,12.64,2025-11-06T11:20:14.277Z,profit target reached,0.007244816794,158.925,0.0211,158.795,-0.0031,long,,,,,,
158.56,158.4,0.16,0.0109907968,752.32,2025-11-06T12:03:41.700Z,profit target reached,0.01742700741,158.865,0.2501,158.405,0.1924,short,,,,,,
158.91,159.03,0.16,0.0045520896,54.65,2025-11-06T12:07:56.644Z,profit target reached,0.007233725583,159.035,0.021,158.855,-0.0346,long,,,,,,
158.64,158.42,0.16,0.0205848064,217.83,2025-11-06T12:18:57.912Z,profit target reached,0.03265573687,158.805,0.1617,158.44,0.104,short,,,,,,
157.86,157.99,0.16,0.0062486272,282.7,2025-11-06T13:10:20.930Z,profit target reached,0.009864082898,157.995,0.0279,157.555,-0.1932,long,,,,,,
160.52,160.38,0.16,0.0076097024,7.52,2025-11-06T14:05:55.068Z,profit target reached,0.01221509429,160.52,0.0576,160.355,0,short,,,,,,
158.57,158.65,0.16,-0.0018156544,54.61,2025-11-06T14:46:48.763Z,profit target reached,-0.002879083182,158.695,0.0212,158.345,-0.1419,long,,,,,,
157.87,157.76,0.16,0.0030532352,7.45,2025-11-06T14:55:13.661Z,profit target reached,0.00482014241,157.87,0.0576,157.715,0,short,,,,,,
158.73,158.35,0.16,-0.0754198016,34.12,2025-11-06T15:21:18.112Z,stop loss triggered,-0.1197138511,158.73,-0.0576,158.355,-0.2363,long,,,,,,
157.18,156.83,0.16,0.0415223552,18.04,2025-11-06T15:33:44.143Z,profit target reached,0.0652648379,157.185,0.0608,156.815,0.0032,short,,,,,,
155.14,155.34,0.16,0.0176976896,23.42,2025-11-06T16:46:56.106Z,profit target reached,0.02745619565,155.345,0.0745,155.12,-0.0129,long,,,,,,
155.05,154.89,0.16,0.0113142784,18.57,2025-11-06T17:21:10.995Z,profit target reached,0.01754278866,155.06,0.0641,154.815,0.0064,short,,,,,,
156.14,156.24,0.16,0.0016078336,33.74,2025-11-06T17:28:29.796Z,profit target reached,0.002510471383,156.265,0.0224,156.105,-0.0224,long,,,,,,
156.53,156.38,0.16,0.0095776512,160.01,2025-11-06T18:12:52.045Z,profit target reached,0.01499189742,156.645,0.1311,156.355,0.0735,short,,,,,,
156.39,156.5,0.16,0.0031845632,133.96,2025-11-06T18:34:59.085Z,profit target reached,0.004980338388,156.525,0.0287,156.24,-0.0959,long,,,,,,
157.46,157.27,0.16,0.015892864,38.96,2025-11-06T18:56:39.006Z,profit target reached,0.02502490365,157.55,0.1148,157.245,0.0572,short,,,,,,
157.06,157.34,0.16,0.0303188992,81.26,2025-11-06T20:02:10.702Z,profit target reached,0.04761886308,157.345,0.1238,156.965,-0.0605,long,,,,,,
156.55,156.43,0.16,0.0047751168,12.68,2025-11-06T20:29:24.664Z,profit target reached,0.00747544535,156.555,0.0608,156.405,0.0032,short,,,,,,
155.69,155.35,0.16,-0.0687405568,55.29,2025-11-06T21:02:11.761Z,stop loss triggered,-0.1070221729,155.705,-0.0479,155.355,-0.2152,long,,,,,,
154.69,155.12,0.16,-0.0830661376,123.44,2025-11-06T21:17:51.325Z,stop loss triggered,-0.1284950083,155.055,0.2937,154.585,0.236,short,,,,,,
155.59,155.68,0.16,0.000058752,112.63,2025-11-06T21:34:05.090Z,profit target reached,0.00009141223681,155.725,0.0291,155.545,-0.0289,long,,,,,,
155.86,155.74,0.16,0.0048387072,133.37,2025-11-06T22:14:18.173Z,profit target reached,0.007541609042,155.975,0.1315,155.735,0.0738,short,,,,,,
155.13,155.26,0.16,0.006500224,17.6,2025-11-06T22:52:11.214Z,profit target reached,0.01008379749,155.265,0.0294,155.125,-0.0032,long,,,,,,
154.89,154.63,0.16,0.027331328,60.31,2025-11-06T23:05:24.418Z,profit target reached,0.04233349394,154.965,0.1061,154.645,0.0484,short,,,,,,
154.27,154.48,0.16,0.0193776384,28.33,2025-11-06T23:25:43.015Z,profit target reached,0.02989388276,154.515,0.1012,154.235,-0.0227,long,,,,,,
155.52,155.29,0.16,0.022472576,55.9,2025-11-07T00:20:06.558Z,profit target reached,0.0349493502,155.545,0.0737,155.345,0.0161,short,,,,,,
155.85,156,0.16,0.009633408,12.5,2025-11-07T00:33:34.292Z,profit target reached,0.01501366637,155.975,0.0226,155.815,-0.0225,long,,,,,,
155.95,155.84,0.16,0.0032301824,71.72,2025-11-07T01:08:25.946Z,profit target reached,0.005037469453,156.085,0.1442,155.795,0.0866,short,,,,,,
156.39,156.54,0.16,0.0095836416,44.21,2025-11-07T01:18:26.324Z,profit target reached,0.0149878571,156.58,0.0639,156.345,-0.0288,long,,,,,,
156.01,155.86,0.16,0.0096255744,23.15,2025-11-07T01:33:29.931Z,profit target reached,0.01501685862,156.025,0.0673,155.795,0.0096,short,,,,,,
155.59,155.82,0.16,0.0224555264,12.67,2025-11-07T01:55:21.861Z,profit target reached,0.03493855353,155.795,0.0741,155.565,-0.0161,long,,,,,,
156.18,156.54,0.16,-0.0720018432,96.4,2025-11-07T02:24:30.041Z,stop loss triggered,-0.1124524787,156.525,0.2787,156.155,0.2209,short,,,,,,
157.28,156.95,0.16,-0.0672873216,101.97,2025-11-07T02:42:00.114Z,stop loss triggered,-0.1058294994,157.28,-0.0576,156.915,-0.2321,long,,,,,,
157.16,157.34,0.16,0.0143119872,276.42,2025-11-07T02:48:10.341Z,profit target reached,0.02249271908,157.335,0.0537,156.895,-0.1686,long,,,,,,
157.44,157.77,0.16,-0.0673172736,96.92,2025-11-07T03:23:23.056Z,stop loss triggered,-0.1059843156,157.765,0.2642,157.395,0.2064,short,,,,,,
156.43,156.1,0.16,-0.0672089856,223.08,2025-11-07T04:25:51.844Z,stop loss triggered,-0.1051350162,156.455,-0.0416,156.105,-0.2078,long,,,,,,
155.94,156.11,0.16,0.0128246528,85.96,2025-11-07T04:57:14.477Z,profit target reached,0.01999876358,156.115,0.0546,155.795,-0.093,long,,,,,,
157.11,156.88,0.16,0.0223260416,44.34,2025-11-07T05:22:18.565Z,profit target reached,0.03507644396,157.115,0.0608,156.925,0.0032,short,,,,,,
157.7,157.83,0.16,0.0062633728,80.78,2025-11-07T05:52:05.909Z,profit target reached,0.009877338906,157.855,0.0407,157.645,-0.0349,long,,,,,,
157.56,157.45,0.16,0.0030818048,28.42,2025-11-07T06:30:53.612Z,profit target reached,0.004855691643,157.565,0.0608,157.425,0.0032,short,,,,,,
157.28,157.44,0.16,0.0111013888,22.97,2025-11-07T07:15:44.193Z,profit target reached,0.0174602643,157.445,0.0473,157.275,-0.0032,long,,,,,,
157.03,156.93,0.16,0.0015304192,12.35,2025-11-07T07:24:44.316Z,profit target reached,0.00240321727,157.035,0.0608,156.905,0.0032,short,,,,,,
157,157.14,0.16,0.0079276544,102.46,2025-11-07T07:47:52.504Z,profit target reached,0.01244641741,157.145,0.0347,156.95,-0.0318,long,,,,,,
157.52,157.41,0.16,0.0030854912,22.95,2025-11-07T08:19:48.642Z,profit target reached,0.004860265738,157.525,0.0608,157.395,0.0032,short,,,,,,
157.73,157.9,0.16,0.0126596864,127.98,2025-11-07T08:27:11.358Z,profit target reached,0.01996812336,157.905,0.0533,157.595,-0.0856,long,,,,,,
157.32,157.14,0.16,0.014305536,160,2025-11-07T08:38:07.990Z,profit target reached,0.02250546924,157.435,0.1308,157.145,0.0731,short,,,,,,
156.49,156.69,0.16,0.0175732736,536.21,2025-11-07T09:20:44.093Z,profit target reached,0.02750041586,156.685,0.067,156.265,-0.1438,long,,,,,,
156.03,155.81,0.16,0.020825344,17.99,2025-11-07T09:23:23.808Z,profit target reached,0.03249378424,156.035,0.0608,155.865,0.0032,short,,,,,,
154.89,155.06,0.16,0.0129214208,12.71,2025-11-07T10:02:24.779Z,profit target reached,0.02001398868,155.065,0.0554,154.89,0,long,,,,,,
154.72,154.53,0.16,0.0161453824,28.29,2025-11-07T10:15:55.574Z,profit target reached,0.02498013565,154.725,0.0609,154.56,0.0032,short,,,,,,
155.05,154.68,0.16,-0.0734808832,149.98,2025-11-07T10:47:04.180Z,stop loss triggered,-0.1139321094,155.125,-0.0092,154.705,-0.2225,long,,,,,,
154.26,154.09,0.16,0.0129873152,65.2,2025-11-07T10:50:54.840Z,profit target reached,0.02003423243,154.265,0.0609,154.135,0.0032,short,,,,,,
152.82,152.49,0.16,-0.066876288,34.11,2025-11-07T11:18:39.528Z,stop loss triggered,-0.1022003433,152.915,0.0046,152.495,-0.2127,long,,,,,,
152.67,152.24,0.16,-0.08286016,107.92,2025-11-07T11:23:08.110Z,stop loss triggered,-0.1265026063,152.76,0.0013,152.265,-0.2653,long,,,,,,
151.64,152.08,0.16,-0.08438528,17.77,2025-11-07T11:27:38.624Z,stop loss triggered,-0.1279618386,152.015,0.3051,151.64,0.2473,short,,,,,,
152.8,152.62,0.16,0.0147220992,17.9,2025-11-07T12:16:57.049Z,profit target reached,0.02249536758,152.825,0.074,152.64,0.0164,short,,,,,,
151.89,151.55,0.16,-0.0683903488,38.84,2025-11-07T12:58:57.575Z,stop loss triggered,-0.1038781008,151.89,-0.0576,151.545,-0.2271,long,,,,,,
152.02,152.21,0.16,0.0163854592,12.93,2025-11-07T13:10:46.928Z,profit target reached,0.02490917508,152.215,0.0706,151.975,-0.0296,long,,,,,,
151.91,151.74,0.16,0.0132038912,17.71,2025-11-07T13:29:05.930Z,profit target reached,0.02005803112,151.915,0.0609,151.765,0.0033,short,,,,,,
152.71,152.88,0.16,0.0131223296,249.7,2025-11-07T13:54:16.711Z,profit target reached,0.02003910953,152.855,0.0373,152.495,-0.1408,long,,,,,,
151.78,152.06,0.16,-0.058794496,60.72,2025-11-07T14:03:32.469Z,stop loss triggered,-0.08923828603,152.195,0.3312,151.705,0.2734,short,,,,,,
152.29,152.47,0.16,0.0147608064,91.86,2025-11-07T14:12:08.929Z,profit target reached,0.02247923207,152.515,0.0901,152.195,-0.0624,long,,,,,,
151.76,152.07,0.16,-0.063593344,65.06,2025-11-07T14:23:27.092Z,stop loss triggered,-0.09650925885,152.065,0.2587,151.665,0.201,short,,,,,,
151.11,151.43,0.16,0.0372663296,8.73,2025-11-07T14:42:15.581Z,profit target reached,0.05631315066,151.25,0.035,151.085,-0.0165,long,,,,,,
154.73,154.66,0.16,-0.003058304,7.25,2025-11-07T16:03:46.755Z,profit target reached,-0.004732113779,154.735,0.0609,154.595,0.0032,short,,,,,,
155.87,156.06,0.16,0.0160306432,13.13,2025-11-07T16:20:50.575Z,profit target reached,0.02498696356,156.105,0.0931,155.865,-0.0032,long,,,,,,
156.71,157.06,0.16,-0.0704504576,140.22,2025-11-07T16:42:31.516Z,stop loss triggered,-0.1104029121,157.025,0.2588,156.695,0.201,short,,,,,,
156.52,156.38,0.16,0.0079783424,28.94,2025-11-07T16:58:33.855Z,profit target reached,0.01248770152,156.545,0.0736,156.375,0.016,short,,,,,,
156.43,156.84,0.16,-0.0800260352,23.51,2025-11-07T17:08:25.107Z,stop loss triggered,-0.1251847269,156.805,0.2975,156.43,0.2397,short,,,,,,
157.58,157.8,0.149,0.01925113376,7.48,2025-11-07T17:11:56.351Z,profit target reached,0.03033593658,157.8,0.082,157.575,-0.0032,long,,,,,,
161.01,161.45,0.149,-0.07938796288,70.43,2025-11-07T18:23:55.702Z,stop loss triggered,-0.127822559,161.425,0.3155,160.915,0.2577,short,,,,,,
162.44,162.04,0.149,-0.07353266816,39.28,2025-11-07T18:30:15.971Z,stop loss triggered,-0.1194464662,162.495,-0.0237,162.105,-0.2062,long,,,,,,
161.53,161.85,0.149,-0.06155001664,133.89,2025-11-07T19:07:52.392Z,stop loss triggered,-0.09942174188,161.855,0.259,161.465,0.2012,short,,,,,,
162.53,162.69,0.149,0.00988759232,54.87,2025-11-07T19:14:15.949Z,profit target reached,0.0160703038,162.705,0.05,162.485,-0.0277,long,,,,,,
163.32,163.66,0.149,-0.06468407072,150.36,2025-11-07T19:52:11.510Z,stop loss triggered,-0.1056420243,163.66,0.2659,163.195,0.2082,short,,,,,,
164.22,163.8,0.149,-0.07666500576,145.52,2025-11-07T20:05:13.275Z,stop loss triggered,-0.1258992725,164.265,-0.0302,163.845,-0.2284,long,,,,,,
163.14,163.37,0.149,0.02026373776,49.75,2025-11-07T20:40:08.956Z,profit target reached,0.03305826178,163.275,0.0251,163.135,-0.0031,long,,,,,,
162.89,162.78,0.149,0.0024124888,8.05,2025-11-07T21:03:51.326Z,profit target reached,0.003929703006,162.895,0.0607,162.705,0.0031,short,,,,,,
163.51,163.17,0.149,-0.0646857872,107.86,2025-11-07T21:12:32.964Z,stop loss triggered,-0.1057677307,163.525,-0.0484,163.18,-0.2018,long,,,,,,
163.1,162.93,0.149,0.01133575312,13.26,2025-11-07T22:14:17.505Z,profit target reached,0.01848861334,163.115,0.0668,162.935,0.0092,short,,,,,,
163.52,163.13,0.149,-0.07213557264,197.18,2025-11-07T22:33:23.548Z,stop loss triggered,-0.1179560884,163.535,-0.0484,163.175,-0.211,long,,,,,,
162.46,162.04,0.149,-0.07651395552,559.36,2025-11-07T23:42:37.459Z,stop loss triggered,-0.1243045721,162.475,-0.0483,162.045,-0.2554,long,,,,,,
162.07,161.76,0.149,-0.06009284432,76.19,2025-11-08T00:08:21.466Z,stop loss triggered,-0.09739247279,162.07,-0.0576,161.745,-0.2005,long,,,,,,
162.06,162.22,0.149,0.0099279296,39.01,2025-11-08T00:16:14.441Z,profit target reached,0.01608920271,162.215,0.038,162.055,-0.0031,long,,,,,,
161.62,161.47,0.149,0.00848234352,164.87,2025-11-08T00:28:56.938Z,profit target reached,0.0137091636,161.705,0.1103,161.465,0.0526,short,,,,,,
161.28,161.41,0.149,0.005525516,169.8,2025-11-08T00:43:33.041Z,profit target reached,0.008911552205,161.435,0.0385,161.125,-0.0961,long,,,,,,
161.63,161.5,0.149,0.00550105616,64.86,2025-11-08T00:52:46.688Z,profit target reached,0.008891357071,161.745,0.1288,161.495,0.0712,short,,,,,,
161.67,161.83,0.149,0.00996140096,54.74,2025-11-08T01:03:20.436Z,profit target reached,0.01610459693,161.82,0.0352,161.52,-0.0928,long,,,,,,
161.77,161.63,0.149,0.00697925536,113.2,2025-11-08T01:37:10.702Z,profit target reached,0.0112903414,161.785,0.0669,161.635,0.0093,short,,,,,,
161.66,161.55,0.149,0.00251805232,222.89,2025-11-08T01:46:17.723Z,profit target reached,0.004070683381,161.765,0.1226,161.525,0.065,short,,,,,,
162.22,162.35,0.149,0.00544484144,155.19,2025-11-08T02:04:44.314Z,profit target reached,0.008832621784,162.355,0.0256,162.075,-0.0894,long,,,,,,
163.52,163.45,0.149,-0.00360243856,17.72,2025-11-08T02:51:34.869Z,profit target reached,-0.005890707533,163.525,0.0607,163.365,0.0031,short,,,,,,
164.08,164.41,0.14,0.032961936,66.14,2025-11-08T03:03:25.213Z,profit target reached,0.05408394459,164.255,0.049,163.935,-0.0884,long,,,,,,
163.96,164.29,0.149,-0.06324878352,312.82,2025-11-08T03:19:31.581Z,stop loss triggered,-0.1037027055,164.295,0.2621,163.885,0.2043,short,,,,,,
163.15,163.34,0.149,0.01430373776,86.89,2025-11-08T04:16:03.142Z,profit target reached,0.02333654816,163.295,0.0313,163.035,-0.0705,long,,,,,,
162.74,162.55,0.149,0.01434707888,44,2025-11-08T04:27:13.084Z,profit target reached,0.02334843617,162.74,0.0576,162.555,0,short,,,,,,
163.19,163.35,0.149,0.00983094848,70.37,2025-11-08T04:40:31.117Z,profit target reached,0.01604312482,163.335,0.0312,163.175,-0.0092,long,,,,,,
162.82,162.69,0.149,0.0053989256,43.92,2025-11-08T04:55:19.393Z,profit target reached,0.008790530662,162.875,0.0914,162.685,0.0338,short,,,,,,
160.98,161.13,0.149,0.00853083408,260.36,2025-11-08T06:22:03.540Z,profit target reached,0.0137329367,161.105,0.02,160.7,-0.1739,long,,,,,,
161.18,161.11,0.149,-0.0034016104,85.83,2025-11-08T06:53:29.910Z,profit target reached,-0.005482715643,161.265,0.1104,161.045,0.0527,short,,,,,,
160.29,159.9,0.149,-0.07185836112,64.84,2025-11-08T07:31:27.808Z,stop loss triggered,-0.115181767,160.29,-0.0576,159.895,-0.2464,long,,,,,,
160.27,160.42,0.149,0.00859176912,244.26,2025-11-08T07:38:40.049Z,profit target reached,0.01377002837,160.395,0.0204,160.145,-0.078,long,,,,,,
160.9,160.69,0.149,0.01748542416,17.81,2025-11-08T08:16:12.878Z,profit target reached,0.02813404747,160.905,0.0607,160.715,0.0031,short,,,,,,
160.8906,161.03,0.149,0.006959334179,54.85,2025-11-08T08:26:09.710Z,profit target reached,0.01119691452,161.055,0.0446,160.885,-0.0035,long,,,,,,
161.33,161.12,0.149,0.01744851984,17.61,2025-11-08T09:00:58.800Z,profit target reached,0.02814969706,161.335,0.0607,161.125,0.0031,short,,,,,,
161.48,161.67,0.149,0.01444706384,175.54,2025-11-08T09:18:48.715Z,profit target reached,0.02332911869,161.675,0.0631,161.355,-0.0774,long,,,,,,
161.82,161.68,0.149,0.00697496416,185.97,2025-11-08T09:47:17.017Z,profit target reached,0.011286887,161.915,0.1164,161.685,0.0587,short,,,,,,
161.51,161.34,0.149,0.01147221328,38.92,2025-11-08T09:48:42.468Z,profit target reached,0.01852877167,161.515,0.0607,161.365,0.0031,short,,,,,,
161.04,160.71,0.149,-0.06298401648,886.94,2025-11-08T10:42:21.988Z,stop loss triggered,-0.1014294601,161.145,0.0076,160.715,-0.2018,long,,,,,,
160.5966,160.98,0.149,-0.07091786883,275.34,2025-11-08T10:47:16.131Z,stop loss triggered,-0.1138916861,160.945,0.2747,160.575,0.2169,short,,,,,,
160.57,160.5,0.149,-0.00334925776,38.56,2025-11-08T11:01:03.820Z,profit target reached,-0.005377903185,160.575,0.0607,160.415,0.0031,short,,,,,,
160.93,161.08,0.149,0.00853512528,599.06,2025-11-08T11:13:47.993Z,profit target reached,0.01373557711,161.085,0.0387,160.615,-0.1957,long,,,,,,
160.56,160.38,0.149,0.01304396064,54.6,2025-11-08T11:34:23.682Z,profit target reached,0.0209433832,160.565,0.0607,160.415,0.0031,short,,,,,,
159.4,159.55,0.149,0.008666436,403.29,2025-11-08T12:28:01.391Z,profit target reached,0.01381429898,159.545,0.0333,159.135,-0.1662,long,,,,,,
159.04,158.89,0.149,0.00870376944,81.4,2025-11-08T12:45:29.423Z,profit target reached,0.01384247492,159.105,0.0985,158.885,0.0409,short,,,,,,
159.44,159.09,0.149,-0.06582626896,280.92,2025-11-08T13:03:07.793Z,stop loss triggered,-0.1049534032,159.44,-0.0576,159.095,-0.2164,long,,,,,,
158.98,159.06,0.149,-0.001726016,17.76,2025-11-08T13:11:28.337Z,profit target reached,-0.002744020237,159.105,0.021,158.975,-0.0031,long,,,,,,
158.98,159.09,0.149,0.00274334032,54.43,2025-11-08T13:14:08.997Z,profit target reached,0.004361362441,159.115,0.0273,158.955,-0.0157,long,,,,,,
158.59,158.44,0.149,0.00874239024,108.03,2025-11-08T13:33:27.111Z,profit target reached,0.01386455668,158.795,0.187,158.435,0.1293,short,,,,,,
159.06,159.21,0.149,0.00869561616,313.93,2025-11-08T13:41:58.587Z,profit target reached,0.01383124706,159.215,0.0398,158.835,-0.1415,long,,,,,,
158.69,158.54,0.149,0.00873380784,254.16,2025-11-08T13:53:14.417Z,profit target reached,0.01385967966,158.845,0.1554,158.535,0.0977,short,,,,,,
157.5066,157.68,0.149,0.01231503309,397.34,2025-11-08T14:33:53.406Z,profit target reached,0.01939698991,157.675,0.0493,157.215,-0.1851,long,,,,,,
157.14,157.46,0.149,-0.06117324928,186.69,2025-11-08T15:15:12.815Z,stop loss triggered,-0.09612764392,157.455,0.2582,157.045,0.2005,short,,,,,,
156.64,156.3,0.149,-0.06409617632,497.88,2025-11-08T15:57:38.106Z,stop loss triggered,-0.1004002506,156.725,-0.0033,156.305,-0.2139,long,,,,,,
156.66,156.33,0.149,-0.06260810736,170.46,2025-11-08T16:03:47.663Z,stop loss triggered,-0.09808186099,156.685,-0.0416,156.325,-0.2138,long,,,,,,
156.04,155.92,0.149,0.00449059776,18.62,2025-11-08T16:08:56.857Z,profit target reached,0.007007128745,156.045,0.0608,155.915,0.0032,short,,,,,,
156.58,156.73,0.149,0.00890845968,50.01,2025-11-08T16:13:13.707Z,profit target reached,0.01394886617,156.725,0.035,156.545,-0.0224,long,,,,,,
156.33,156.14,0.149,0.01489721072,17.89,2025-11-08T16:20:47.534Z,profit target reached,0.02328880952,156.335,0.0608,156.205,0.0032,short,,,,,,
157.01,156.68,0.149,-0.06263814576,197.35,2025-11-08T16:29:19.453Z,stop loss triggered,-0.09834815266,157.01,-0.0576,156.695,-0.2006,long,,,,,,
156.53,156.21,0.149,0.0342528352,340.03,2025-11-08T16:52:54.894Z,profit target reached,0.05361596294,156.825,0.2462,156.235,0.1885,short,,,,,,
156.72,156.83,0.149,0.00293730256,60.59,2025-11-08T17:21:12.530Z,profit target reached,0.004603340572,156.865,0.0349,156.715,-0.0032,long,,,,,,
157.11,156.98,0.149,0.00588898064,54.33,2025-11-08T18:21:09.860Z,profit target reached,0.009252177484,157.135,0.0736,156.975,0.0159,short,,,,,,
157.43,157.62,0.149,0.01479465104,12.56,2025-11-08T18:30:51.136Z,profit target reached,0.02329121913,157.595,0.0472,157.415,-0.0095,long,,,,,,
157.64,157.43,0.149,0.0177652104,1067.63,2025-11-08T19:18:22.137Z,profit target reached,0.02800507767,157.955,0.2576,157.465,0.1998,short,,,,,,
156.74,156.92,0.149,0.01336408416,186.5,2025-11-08T19:39:32.384Z,profit target reached,0.02094686551,156.915,0.054,156.585,-0.0989,long,,,,,,
157.65,157.47,0.149,0.01329370848,28.27,2025-11-08T20:52:33.418Z,profit target reached,0.02095753142,157.655,0.0608,157.465,0.0032,short,,,,,,
157.84,157.97,0.149,0.00582075056,833.61,2025-11-08T21:33:48.703Z,profit target reached,0.009187472684,157.975,0.0279,157.615,-0.1425,long,,,,,,
157.77,157.64,0.149,0.0058323368,249.78,2025-11-08T22:06:24.160Z,profit target reached,0.009201677769,157.855,0.1115,157.635,0.0539,short,,,,,,
157.88,157.99,0.149,0.00283774672,539.51,2025-11-08T22:29:21.812Z,profit target reached,0.004480234522,158.025,0.0342,157.745,-0.0855,long,,,,,,
157.65,157.52,0.149,0.00584263568,254.27,2025-11-08T22:40:00.071Z,profit target reached,0.00921091515,157.655,0.0608,157.515,0.0032,short,,,,,,
157.9,158.02,0.149,0.00432581568,285.88,2025-11-08T22:51:35.716Z,profit target reached,0.006830462959,158.025,0.0216,157.875,-0.0158,long,,,,,,
157.95,157.84,0.149,0.00283645936,97.21,2025-11-08T23:00:43.333Z,profit target reached,0.004480187559,157.995,0.0861,157.805,0.0285,short,,,,,,
158.18,158.3,0.149,0.00430178496,687.08,2025-11-08T23:31:39.096Z,profit target reached,0.00680456345,158.305,0.0214,158.095,-0.0537,long,,,,,,
158.01,157.89,0.149,0.00432152448,281.2,2025-11-08T23:59:52.369Z,profit target reached,0.006828440831,158.045,0.0798,157.885,0.0222,short,,,,,,
157.27,157.41,0.149,0.00735945568,23.24,2025-11-09T00:35:12.713Z,profit target reached,0.01157421595,157.415,0.0346,157.255,-0.0095,long,,,,,,
157.05,156.95,0.149,0.0014234864,49.34,2025-11-09T00:50:37.469Z,profit target reached,0.002235585391,157.055,0.0608,156.915,0.0032,short,,,,,,
156.92,157.06,0.149,0.00738949408,154.74,2025-11-09T01:03:49.032Z,profit target reached,0.01159559411,157.065,0.0348,156.905,-0.0096,long,,,,,,
157.15,157.05,0.149,0.001414904,133.35,2025-11-09T01:28:30.479Z,profit target reached,0.002223521636,157.155,0.0608,157.015,0.0032,short,,,,,,
157.2,157.39,0.149,0.01481439056,17.49,2025-11-09T01:37:41.107Z,profit target reached,0.02328822196,157.395,0.0664,157.195,-0.0032,long,,,,,,
157.68,157.57,0.149,0.00285963184,417.39,2025-11-09T02:13:38.723Z,profit target reached,0.004509067485,157.845,0.1623,157.545,0.1046,short,,,,,,
157.93,157.54,0.149,-0.07165581648,264.82,2025-11-09T02:27:31.805Z,stop loss triggered,-0.113166031,157.995,-0.0164,157.545,-0.2438,long,,,,,,
156.36,156.03,0.149,-0.06258236016,612.65,2025-11-09T03:22:00.566Z,stop loss triggered,-0.09785377835,156.385,-0.0416,156.025,-0.2142,long,,,,,,
155.77,155.45,0.149,-0.06104193856,75.38,2025-11-09T03:33:55.791Z,stop loss triggered,-0.09508502769,155.785,-0.0479,155.455,-0.2022,long,,,,,,
156.8,156.67,0.149,0.00591558608,538.96,2025-11-09T04:48:06.886Z,profit target reached,0.009275638973,156.965,0.1629,156.665,0.1052,short,,,,,,
157.12,157.25,0.149,0.00588254384,488.04,2025-11-09T05:04:58.999Z,profit target reached,0.009242652881,157.245,0.0219,157.045,-0.0477,long,,,,,,
157.36,157.68,0.149,-0.06119213056,264.95,2025-11-09T05:39:41.112Z,stop loss triggered,-0.09629193665,157.675,0.2579,157.305,0.2002,short,,,,,,
157.79,157.93,0.149,0.0073148272,449.34,2025-11-09T05:47:57.990Z,profit target reached,0.01154206584,157.925,0.0279,157.695,-0.0602,long,,,,,,
157.88,158.17,0.149,-0.05676611536,1051.6,2025-11-09T06:19:09.628Z,webhook close short,-0.08962234293,158.145,0.2256,157.785,0.1678,short,,,,,,
158.52,158.38,0.14,0.0068197696,96.21,2025-11-09T06:47:33.422Z,profit target reached,0.01081069877,158.575,0.0923,158.395,0.0347,short,,,,,,
158.4,158.05,0.14,-0.06176632,228.18,2025-11-09T07:08:26.214Z,stop loss triggered,-0.09783785088,158.4,-0.0576,158.065,-0.2115,long,,,,,,
158.41,157.8,0.14,-0.0981618848,376.15,2025-11-09T07:22:37.035Z,stop loss triggered,-0.1554982417,158.41,-0.0576,157.925,-0.3062,long,,,,,,
158.22,158.36,0.14,0.0068383168,54.51,2025-11-09T07:32:19.409Z,profit target reached,0.01081958484,158.365,0.034,158.215,-0.0032,long,,,,,,
158.86,159.2,0.14,-0.0604173248,490.51,2025-11-09T08:12:47.620Z,stop loss triggered,-0.09597896218,159.185,0.2623,158.845,0.2046,short,,,,,,
159.32,159.47,0.14,0.0081494112,80.71,2025-11-09T08:14:39.098Z,profit target reached,0.01298364192,159.465,0.0334,159.315,-0.0031,long,,,,,,
159,158.84,0.14,0.0095814656,91.16,2025-11-09T08:22:11.074Z,profit target reached,0.0152345303,159.005,0.0608,158.855,0.0031,short,,,,,,
159.13,159.26,0.14,0.005365136,38.86,2025-11-09T08:31:06.709Z,profit target reached,0.008537540917,159.265,0.0272,159.105,-0.0157,long,,,,,,
159.04,159.39,0.14,-0.0618320416,191.74,2025-11-09T08:40:42.829Z,stop loss triggered,-0.09833767896,159.365,0.2621,159.025,0.2044,short,,,,,,
159.02,158.9,0.14,0.0039790464,33.41,2025-11-09T08:49:12.893Z,profit target reached,0.006327479585,159.035,0.0671,158.895,0.0094,short,,,,,,
159.45,159.56,0.14,0.0025397344,33.25,2025-11-09T09:00:39.763Z,profit target reached,0.004049606501,159.575,0.0208,159.445,-0.0031,long,,,,,,
159.27,159.13,0.14,0.0067592896,12.57,2025-11-09T09:16:19.713Z,profit target reached,0.01076552055,159.275,0.0608,159.125,0.0031,short,,,,,,
159.57,159.69,0.14,0.003929856,86.39,2025-11-09T09:20:51.204Z,profit target reached,0.006270871219,159.695,0.0207,159.525,-0.0282,long,,,,,,
159.27,159.14,0.14,0.005359088,28.49,2025-11-09T09:27:00.326Z,profit target reached,0.008535419458,159.285,0.0671,159.135,0.0094,short,,,,,,
157.84,157.99,0.14,0.0082687584,107.37,2025-11-09T10:47:56.397Z,profit target reached,0.01305140826,157.965,0.0216,157.775,-0.0412,long,,,,,,